{"assets/images/Cat1/.DS_Store":["assets/images/Cat1/.DS_Store"],"assets/.DS_Store":["assets/.DS_Store","assets/copacabana_1/.DS_Store","assets/images/.DS_Store","assets/images/Cat1/.DS_Store","assets/images/2.0x/.DS_Store","assets/images/3.0x/.DS_Store"],"assets/images/.DS_Store":["assets/images/.DS_Store","assets/images/Cat1/.DS_Store","assets/images/2.0x/.DS_Store","assets/images/3.0x/.DS_Store"],"assets/Artboard%201.png":["assets/Artboard%201.png"],"assets/Cores%20da%20marca.ai":["assets/Cores%20da%20marca.ai"],"packages/cupertino_icons/assets/CupertinoIcons.ttf":["packages/cupertino_icons/assets/CupertinoIcons.ttf"],"assets/Logo-01.png":["assets/Logo-01.png"],"assets/Logo-02.png":["assets/Logo-02.png"],"assets/QRbarco.ai":["assets/QRbarco.ai"],"assets/Sanfran.jpg":["assets/Sanfran.jpg"],"assets/Sanfran2.jpg":["assets/Sanfran2.jpg"],"assets/Sanfran3.jpg":["assets/Sanfran3.jpg"],"assets/b1.jpg":["assets/b1.jpg"],"assets/b2.jpg":["assets/b2.jpg"],"assets/svgs/b2.svg":["assets/svgs/b2.svg"],"assets/svgs/b3-01.svg":["assets/svgs/b3-01.svg"],"assets/b3.jpg":["assets/b3.jpg"],"assets/images/barco.png":["assets/images/barco.png"],"assets/svgs/battery.svg":["assets/svgs/battery.svg"],"assets/boat1.jpg":["assets/boat1.jpg"],"assets/boat1.png":["assets/boat1.png"],"assets/boat2.jpg":["assets/boat2.jpg"],"assets/boat2.png":["assets/boat2.png"],"packages/rflutter_alert/assets/images/close.png":["packages/rflutter_alert/assets/images/close.png","packages/rflutter_alert/assets/images/2.0x/close.png","packages/rflutter_alert/assets/images/3.0x/close.png"],"assets/images/close.png":["assets/images/close.png","assets/images/2.0x/close.png","assets/images/3.0x/close.png"],"assets/codeExample.png":["assets/codeExample.png"],"assets/fundo.jpg":["assets/fundo.jpg"],"assets/fundo_low.jpg":["assets/fundo_low.jpg"],"assets/fundo_low_b.jpg":["assets/fundo_low_b.jpg"],"assets/fundo_low_b.psd":["assets/fundo_low_b.psd"],"assets/fundo_loww.jpg":["assets/fundo_loww.jpg"],"assets/iconTeste-01.svg":["assets/iconTeste-01.svg"],"assets/images/icon_error.png":["assets/images/icon_error.png","assets/images/2.0x/icon_error.png","assets/images/3.0x/icon_error.png"],"packages/rflutter_alert/assets/images/icon_error.png":["packages/rflutter_alert/assets/images/icon_error.png","packages/rflutter_alert/assets/images/2.0x/icon_error.png","packages/rflutter_alert/assets/images/3.0x/icon_error.png"],"packages/rflutter_alert/assets/images/icon_info.png":["packages/rflutter_alert/assets/images/icon_info.png","packages/rflutter_alert/assets/images/2.0x/icon_info.png","packages/rflutter_alert/assets/images/3.0x/icon_info.png"],"assets/images/icon_info.png":["assets/images/icon_info.png","assets/images/2.0x/icon_info.png","assets/images/3.0x/icon_info.png"],"assets/images/icon_success.png":["assets/images/icon_success.png","assets/images/2.0x/icon_success.png","assets/images/3.0x/icon_success.png"],"packages/rflutter_alert/assets/images/icon_success.png":["packages/rflutter_alert/assets/images/icon_success.png","packages/rflutter_alert/assets/images/2.0x/icon_success.png","packages/rflutter_alert/assets/images/3.0x/icon_success.png"],"assets/images/icon_warning.png":["assets/images/icon_warning.png","assets/images/2.0x/icon_warning.png","assets/images/3.0x/icon_warning.png"],"packages/rflutter_alert/assets/images/icon_warning.png":["packages/rflutter_alert/assets/images/icon_warning.png","packages/rflutter_alert/assets/images/2.0x/icon_warning.png","packages/rflutter_alert/assets/images/3.0x/icon_warning.png"],"assets/images/Cat1/lagoon.jpg":["assets/images/Cat1/lagoon.jpg"],"assets/images/Cat1/lagoon1.jpg":["assets/images/Cat1/lagoon1.jpg"],"assets/images/Cat1/lagoon2.jpg":["assets/images/Cat1/lagoon2.jpg"],"assets/images/Cat1/lagoon3.jpg":["assets/images/Cat1/lagoon3.jpg"],"assets/images/Cat1/lagoon4.jpg":["assets/images/Cat1/lagoon4.jpg"],"assets/propeller.png":["assets/propeller.png"],"assets/svgs/propeller.svg":["assets/svgs/propeller.svg"],"assets/r2.JPG":["assets/r2.JPG"],"assets/r4.JPG":["assets/r4.JPG"],"assets/r5.JPG":["assets/r5.JPG"],"assets/r6.JPG":["assets/r6.JPG"],"assets/rio-de-janeiro.png":["assets/rio-de-janeiro.png"],"assets/rio.jpg":["assets/rio.jpg"],"assets/rio_vec3.jpg":["assets/rio_vec3.jpg"],"assets/seawater.jpg":["assets/seawater.jpg"]}